{"color":{"r":0.09019607843137255,"b":0.09019607843137255,"g":0.09019607843137255,"a":1},"version":2,"parentId":"62F64667-E340-4B9D-ADFE-C6EA5625DCD6","name":"gray-90","index":32}