{"version":1,"index":39,"parentId":"62F64667-E340-4B9D-ADFE-C6EA5625DCD6","name":"gray-warm-60","color":{"r":0.3725490196078431,"b":0.3098039215686275,"g":0.3686274509803922,"a":1}}