{"version":1,"index":20,"parentId":"62F64667-E340-4B9D-ADFE-C6EA5625DCD6","name":"gray-cool-70","color":{"r":0.2588235294117647,"b":0.2784313725490196,"g":0.2705882352941176,"a":1}}