{"color":{"r":0.04705882352941176,"b":0,"g":0.6862745098039216,"a":1},"version":1,"parentId":"62F64667-E340-4B9D-ADFE-C6EA5625DCD6","name":"green-40v","index":43}