{"version":1,"index":21,"parentId":"62F64667-E340-4B9D-ADFE-C6EA5625DCD6","name":"gray-cool-80","color":{"r":0.196078431372549,"b":0.2156862745098039,"g":0.207843137254902,"a":1}}