{"index":31,"color":{"r":0.1803921568627451,"b":0.1803921568627451,"g":0.1803921568627451,"a":1},"parentId":"62F64667-E340-4B9D-ADFE-C6EA5625DCD6","name":"gray-80","version":3}