{"color":{"r":0.7450980392156863,"b":0.9137254901960784,"g":0.5843137254901961,"a":1},"version":1,"parentId":"62F64667-E340-4B9D-ADFE-C6EA5625DCD6","name":"violet-30v","index":10}