{"version":1,"index":35,"parentId":"62F64667-E340-4B9D-ADFE-C6EA5625DCD6","name":"gray-warm-20","color":{"r":0.8392156862745098,"b":0.7764705882352941,"g":0.8352941176470589,"a":1}}