{"index":3,"color":{"r":0.7254901960784313,"b":0.8588235294117647,"g":0.596078431372549,"a":1},"parentId":"62F64667-E340-4B9D-ADFE-C6EA5625DCD6","name":"violet-30","version":1}