{"color":{"r":0.3490196078431372,"b":0.5176470588235295,"g":0.1882352941176471,"a":1},"version":1,"parentId":"62F64667-E340-4B9D-ADFE-C6EA5625DCD6","name":"violet-70","index":7}