{"color":{"r":0.3098039215686275,"b":0.2588235294117647,"g":0.3098039215686275,"a":1},"version":2,"parentId":"62F64667-E340-4B9D-ADFE-C6EA5625DCD6","name":"gray-warm-70","index":40}