{"version":1,"index":22,"parentId":"62F64667-E340-4B9D-ADFE-C6EA5625DCD6","name":"gray-cool-90","color":{"r":0.1450980392156863,"b":0.1607843137254902,"g":0.1529411764705882,"a":1}}