{"color":{"r":0.9686274509803922,"b":0.9803921568627451,"g":0.9607843137254902,"a":1},"version":1,"parentId":"62F64667-E340-4B9D-ADFE-C6EA5625DCD6","name":"violet-1","index":0}