{"color":{"r":0.2470588235294118,"b":0.3647058823529412,"g":0.1490196078431373,"a":1},"version":1,"parentId":"62F64667-E340-4B9D-ADFE-C6EA5625DCD6","name":"violet-80","index":8}