{"index":24,"color":{"r":0.9019607843137255,"b":0.9019607843137255,"g":0.9019607843137255,"a":1},"parentId":"62F64667-E340-4B9D-ADFE-C6EA5625DCD6","name":"gray-10","version":3}