{"color":{"r":0.8784313725490196,"b":0.8313725490196079,"g":0.8784313725490196,"a":1},"version":2,"parentId":"62F64667-E340-4B9D-ADFE-C6EA5625DCD6","name":"gray-warm-10","index":34}