{"version":1,"index":28,"parentId":"62F64667-E340-4B9D-ADFE-C6EA5625DCD6","name":"gray-50","color":{"r":0.4588235294117647,"b":0.4588235294117647,"g":0.4588235294117647,"a":1}}