{"color":{"r":0.5686274509803921,"b":0.5686274509803921,"g":0.5686274509803921,"a":1},"version":2,"parentId":"62F64667-E340-4B9D-ADFE-C6EA5625DCD6","name":"gray-40","index":27}