{"color":{"r":0.1137254901960784,"b":0.1058823529411765,"g":0.1137254901960784,"a":1},"version":2,"parentId":"62F64667-E340-4B9D-ADFE-C6EA5625DCD6","name":"gray-warm-90","index":42}