{"color":{"r":0.3607843137254902,"b":0.3607843137254902,"g":0.3607843137254902,"a":1},"version":2,"parentId":"62F64667-E340-4B9D-ADFE-C6EA5625DCD6","name":"gray-60","index":29}