{"color":{"r":0.2705882352941176,"b":0.2705882352941176,"g":0.2705882352941176,"a":1},"version":2,"parentId":"62F64667-E340-4B9D-ADFE-C6EA5625DCD6","name":"gray-70","index":30}