{"version":1,"index":19,"parentId":"62F64667-E340-4B9D-ADFE-C6EA5625DCD6","name":"gray-cool-60","color":{"r":0.3215686274509804,"b":0.3490196078431372,"g":0.3372549019607843,"a":1}}