{"color":{"r":0.4627450980392157,"b":0.7215686274509804,"g":0.2235294117647059,"a":1},"version":1,"parentId":"62F64667-E340-4B9D-ADFE-C6EA5625DCD6","name":"violet-60v","index":13}