{"version":1,"index":4,"parentId":"62F64667-E340-4B9D-ADFE-C6EA5625DCD6","name":"violet-40","color":{"r":0.6627450980392157,"b":0.8313725490196079,"g":0.5137254901960784,"a":1}}