{"color":{"r":0.5568627450980392,"b":0.7843137254901961,"g":0.3647058823529412,"a":1},"version":1,"parentId":"62F64667-E340-4B9D-ADFE-C6EA5625DCD6","name":"violet-50","index":5}