{"color":{"r":0.9803921568627451,"b":0.9803921568627451,"g":0.9803921568627451,"a":1},"version":2,"parentId":"62F64667-E340-4B9D-ADFE-C6EA5625DCD6","name":"gray-1","index":23}