{"color":{"r":0.1843137254901961,"b":0.2627450980392157,"g":0.1215686274509804,"a":1},"version":1,"parentId":"62F64667-E340-4B9D-ADFE-C6EA5625DCD6","name":"violet-90","index":9}