{"color":{"r":0.2392156862745098,"b":0.1215686274509804,"g":0.5176470588235295,"a":1},"version":1,"parentId":"62F64667-E340-4B9D-ADFE-C6EA5625DCD6","name":"green-50","index":44}