{"version":1,"index":14,"parentId":"62F64667-E340-4B9D-ADFE-C6EA5625DCD6","name":"gray-cool-10","color":{"r":0.8352941176470589,"b":0.8588235294117647,"g":0.8470588235294118,"a":1}}