{"version":1,"index":15,"parentId":"62F64667-E340-4B9D-ADFE-C6EA5625DCD6","name":"gray-cool-20","color":{"r":0.7215686274509804,"b":0.7607843137254902,"g":0.7411764705882353,"a":1}}