{"version":1,"index":17,"parentId":"62F64667-E340-4B9D-ADFE-C6EA5625DCD6","name":"gray-cool-40","color":{"r":0.5490196078431373,"b":0.5882352941176471,"g":0.5686274509803921,"a":1}}