{"color":{"r":0.807843137254902,"b":0.8980392156862745,"g":0.7254901960784313,"a":1},"version":1,"parentId":"62F64667-E340-4B9D-ADFE-C6EA5625DCD6","name":"violet-20","index":2}