{"index":11,"color":{"r":0.6901960784313725,"b":0.9294117647058824,"g":0.4823529411764706,"a":1},"parentId":"62F64667-E340-4B9D-ADFE-C6EA5625DCD6","name":"violet-40v","version":1}