{"version":1,"index":41,"parentId":"62F64667-E340-4B9D-ADFE-C6EA5625DCD6","name":"gray-warm-80","color":{"r":0.2392156862745098,"b":0.207843137254902,"g":0.2392156862745098,"a":1}}