{"index":12,"color":{"r":0.5803921568627451,"b":0.8666666666666667,"g":0.3333333333333333,"a":1},"parentId":"62F64667-E340-4B9D-ADFE-C6EA5625DCD6","name":"violet-50v","version":1}