{"version":1,"index":18,"parentId":"62F64667-E340-4B9D-ADFE-C6EA5625DCD6","name":"gray-cool-50","color":{"r":0.4352941176470588,"b":0.4705882352941176,"g":0.4549019607843137,"a":1}}