{"version":1,"index":33,"parentId":"62F64667-E340-4B9D-ADFE-C6EA5625DCD6","name":"gray-warm-1","color":{"r":0.9607843137254902,"b":0.9450980392156862,"g":0.9607843137254902,"a":1}}