{"version":1,"index":36,"parentId":"62F64667-E340-4B9D-ADFE-C6EA5625DCD6","name":"gray-warm-30","color":{"r":0.7647058823529411,"b":0.6941176470588235,"g":0.7607843137254902,"a":1}}