{"version":1,"index":6,"parentId":"62F64667-E340-4B9D-ADFE-C6EA5625DCD6","name":"violet-60","color":{"r":0.4313725490196079,"b":0.6392156862745098,"g":0.2392156862745098,"a":1}}