{"version":1,"index":1,"parentId":"62F64667-E340-4B9D-ADFE-C6EA5625DCD6","name":"violet-10","color":{"r":0.8784313725490196,"b":0.9333333333333333,"g":0.8313725490196079,"a":1}}