{"version":1,"index":37,"parentId":"62F64667-E340-4B9D-ADFE-C6EA5625DCD6","name":"gray-warm-40","color":{"r":0.5882352941176471,"b":0.5137254901960784,"g":0.5843137254901961,"a":1}}