{"index":1,"color":{"r":0.9294117647058824,"b":0.9411764705882353,"g":0.9372549019607843,"a":1},"parentId":"fcfde97c-9464-4352-afca-cbc4493f37c4","name":"gray-cool-1","version":1}