{"version":1,"index":38,"parentId":"62F64667-E340-4B9D-ADFE-C6EA5625DCD6","name":"gray-warm-50","color":{"r":0.4352941176470588,"b":0.3647058823529412,"g":0.4352941176470588,"a":1}}