{"color":{"r":0.6784313725490196,"b":0.6784313725490196,"g":0.6784313725490196,"a":1},"version":2,"parentId":"62F64667-E340-4B9D-ADFE-C6EA5625DCD6","name":"gray-30","index":26}