{"color":{"r":0.788235294117647,"b":0.788235294117647,"g":0.788235294117647,"a":1},"version":2,"parentId":"62F64667-E340-4B9D-ADFE-C6EA5625DCD6","name":"gray-20","index":25}