{"version":1,"index":16,"parentId":"62F64667-E340-4B9D-ADFE-C6EA5625DCD6","name":"gray-cool-30","color":{"r":0.615686274509804,"b":0.6509803921568628,"g":0.6352941176470588,"a":1}}